<?xml version="1.0" encoding="UTF-8"?>
<project-private xmlns="http://www.netbeans.org/ns/project-private/1">
    <editor-bookmarks xmlns="http://www.netbeans.org/ns/editor-bookmarks/2" lastBookmarkId="0"/>
    <open-files xmlns="http://www.netbeans.org/ns/projectui-open-files/2">
        <group>
            <file>file:/C:/Program%20Files%20(x86)/wamp/www/Stovel/CSS/Profile.css</file>
            <file>file:/C:/Program%20Files%20(x86)/wamp/www/Stovel/PHP/login.php</file>
            <file>file:/C:/Program%20Files%20(x86)/wamp/www/Stovel/Profile.html</file>
            <file>file:/C:/Program%20Files%20(x86)/wamp/www/Stovel/Js/functions.js</file>
            <file>file:/C:/Program%20Files%20(x86)/wamp/www/Stovel/Common/common.css</file>
            <file>file:/C:/Program%20Files%20(x86)/wamp/www/Stovel/PHP/load_profile.php</file>
        </group>
    </open-files>
</project-private>
